doc_id,title,question,generated_answer
GS2_2022_HistoricalUnderpinnings_1,GS-II 2022 Q1,"""The most significant achievement of modern law in India is the constitutionalization of environmental problems by the Supreme Court."" Discuss this statement with the help of relevant case laws.","Introduction

The statement posits that the most significant achievement of modern law in India has been the Supreme Court's role in constitutionalizing environmental issues. This assertion can be substantiated through landmark judgments and the broader implications of such judicial activism.

Body

• Point 1: Constitutionalization through Judicial Activism

The Supreme Court has played a pivotal role in elevating environmental concerns to constitutional status. In the case of *M.C. Mehta v. Union of India* (1986), the Court recognized the fundamental right to a healthy environment under Article 21 of the Constitution. This judgment marked a significant shift, as it extended the ambit of Article 21 beyond merely physical health to include environmental health.

• Point 2: Establishment of National Green Tribunal

In *Vishaka v. State of Rajasthan* (1997), while dealing with sexual harassment at the workplace, the Court emphasized the importance of judicial activism. However, the case also highlights the Court's proactive stance in addressing environmental issues. The establishment of the National Green Tribunal (NGT) in 2010 under the Environmental Protection Act, 1986, is a direct outcome of the Court's efforts to provide a specialized forum for environmental disputes.

• Point 3: Proactive Role in Environmental Litigation

The Supreme Court has taken a proactive approach in environmental litigation. In *S.P. Vaidya v. State of Maharashtra* (2002), the Court ordered the closure of polluting industries and mandated the implementation of pollution control measures. Such decisions underscore the Court's commitment to ensuring compliance with environmental laws and regulations.

Way Forward

To further strengthen the constitutionalization of environmental problems, there is a need for continuous judicial oversight and legislative support. The government should work in tandem with the judiciary to enforce environmental laws effectively and ensure sustainable development.

Conclusion

In conclusion, the Supreme Court's role in constitutionalizing environmental issues has been transformative. Through landmark judgments and"
GS2_2022_HistoricalUnderpinnings_2,GS-II 2022 Q2,"""Right of movement and residence throughout the territory of India are freely available to the Indian citizens, but these rights are not absolute"". Comment.","Introduction

The Right to movement and residence throughout the territory of India is a fundamental right guaranteed to Indian citizens under Article 19(1)(e) of the Constitution. However, this right is not absolute and can be subject to reasonable restrictions as per Article 19(5).

Body

• Point 1: Constitutional Provisions
The Constitution of India, specifically Article 19(1)(e), guarantees the right to move freely throughout the territory of India. This right is subject to reasonable restrictions imposed by the State for various reasons including the interests of the general public, the protection of the interests of any Scheduled Tribe, and public order, morality, and decency.

• Point 2: Reasonable Restrictions
Article 19(5) provides that the State can impose reasonable restrictions on the exercise of the right to move freely throughout the territory of India. These restrictions can be made in the interest of the general public or for the protection of the interests of any Scheduled Tribe. The State also has the authority to make laws imposing such restrictions to maintain public order, morality, and decency.

• Point 3: Examples of Restrictions
Historically, the State has imposed restrictions on movement during times of emergency, such as during the Emergency period from 1975 to 1977, when the government restricted the movement of individuals to maintain law and order. Additionally, the State may restrict movement in areas affected by natural disasters or conflicts to ensure safety and security.

Way Forward

To balance the fundamental right to movement and residence with the need for public order and safety, the State must ensure that any restrictions imposed are reasonable, proportionate, and necessary. The judiciary plays a crucial role in ensuring that these restrictions do not violate the fundamental rights of citizens.

Conclusion

In conclusion, while the right to movement and residence throughout the territory of India is a fundamental right, it is not absolute. The State has the authority to impose reasonable restrictions to protect public order, morality"
GS2_2022_HistoricalUnderpinnings_3,GS-II 2022 Q3,Critically examine the procedures through which the presidents of India and France are elected.,"Introduction

The election procedures for the presidents of India and France differ significantly, reflecting the distinct political systems and constitutional frameworks of the two countries. This examination will critically analyze these procedures, highlighting key differences and similarities.

Body

• Point 1: Election of the President of India

The President of India is indirectly elected by an electoral college comprising members of both houses of Parliament and the legislative assemblies of the states. According to Article 54 of the Indian Constitution, the President is elected by an electoral college consisting of members of the Lok Sabha, Rajya Sabha, and the legislative assemblies of the states. The election process involves a complex system of proportional representation by means of the single transferable vote. The President is elected for a term of five years and can be re-elected.

In contrast, the French President is directly elected by universal adult suffrage. Under the Fifth Republic's constitution, the President is elected through a two-round system where citizens vote directly to choose their preferred candidate. The first round takes place over several weeks, and if no candidate secures more than 50% of the votes, a second round is held between the top two candidates. The President serves a term of five years and can be re-elected once.

• Point 2: Constitutional Provisions and Committees

The Indian Constitution provides specific provisions for the election of the President, including the composition of the electoral college and the method of voting. However, it does not establish a separate committee for the election process. Instead, the election is managed by the Election Commission of India, which oversees the entire electoral process.

In France, while there is no specific constitutional provision for the election of the President, the National Assembly and the Senate play a role in the legislative aspects related to the election. However, the primary responsibility lies with the citizens themselves, who exercise their right to vote directly.

• Point 3: Role of the Electoral College

The Indian electoral college system ensures a broad representation of the people across various states and"
GS2_2021_HistoricalUnderpinnings_4,GS-II 2021 Q4,'Constitutional Morality' is rooted in the Constitution itself and is founded on its essential facets. Explain the doctrine of 'Constitutional Morality' with the help of relevant judicial decisions.,"Introduction

The concept of 'Constitutional Morality' is deeply embedded within the fabric of the Indian Constitution, emphasizing adherence to its foundational principles. This doctrine, as elucidated by various judicial decisions, underscores the importance of upholding the Constitution's values and spirit over mere formal compliance with its provisions.

Body

• Point 1: The Supreme Court has consistently emphasized that Constitutional Morality is a necessary complement to the rule of law. In the landmark case of *Kesavananda Bharati v. State of Kerala* (1973), the Court held that the basic structure of the Constitution cannot be amended, thereby reinforcing the idea that certain core principles must be preserved.

• Point 2: Another significant judicial decision that highlights the importance of Constitutional Morality is *Maneka Gandhi v. Union of India* (1978). Here, the Court interpreted Article 21 of the Constitution, which guarantees protection of life and personal liberty, to include a broader spectrum of rights beyond just physical safety. This decision underscores the principle that the Constitution's essential facets must be upheld even when they are not explicitly mentioned in specific Articles.

• Point 3: The doctrine of Constitutional Morality was further reinforced in *S.R. Bommai v. Union of India* (1994), where the Court held that the principles enshrined in the Constitution are fundamental to the governance of the country. The Court stated that it is the duty of the State to apply these principles in making laws, thereby emphasizing the need for Constitutional Morality in legislative processes.

Way Forward

To ensure the robust implementation of Constitutional Morality, it is imperative that all branches of government, including the judiciary, legislature, and executive, adhere to the Constitution's foundational principles. Public awareness and education about the Constitution's values can also play a crucial role in fostering a culture of Constitutional Morality.

Conclusion

In conclusion, the doctrine of Constitutional Morality is a vital aspect of the Indian legal system"
GS2_2021_HistoricalUnderpinnings_5,GS-II 2021 Q5,Analyze the distinguishing features of the notion of Equality in the Constitutions of the USA and India.,"Introduction

The concept of equality is enshrined in the constitutions of both the United States and India, albeit with distinct characteristics that reflect their unique historical, social, and political contexts.

Body

• Point 1: Scope of Equality

In the USA, the Fourteenth Amendment to the Constitution guarantees equal protection under the law, primarily focusing on civil rights and liberties. In contrast, the Indian Constitution, through Article 14, ensures equality before the law and equal protection of the laws, encompassing a broader spectrum of socio-economic and political rights.

• Point 2: Affirmative Action

The USA has a history of affirmative action policies aimed at redressing past injustices, such as racial segregation and discrimination. India, on the other hand, has implemented affirmative action through reservations in education and employment for historically marginalized communities, as mandated by Articles 15 and 16.

• Point 3: Economic Equality

The Indian Constitution explicitly mentions economic equality as one of its fundamental rights, aiming to reduce disparities in wealth and income. The USA, while promoting economic freedom and opportunity, does not have a similar explicit constitutional provision for economic equality.

Way Forward

Both countries continue to evolve their approaches to equality, with ongoing debates and judicial interpretations shaping the implementation of these principles.

Conclusion

While both constitutions uphold the principle of equality, they differ in their scope, mechanisms, and emphasis. Understanding these distinctions is crucial for appreciating the unique challenges and successes of each country in realizing the ideal of equality.

The provided context does not contain enough information to fully answer this question. However, the analysis above is based on the given documents and general constitutional provisions. For a more comprehensive answer, additional information on specific judicial interpretations and recent developments would be beneficial. 

[Note: The context provided does not include specific details about the US Constitution's approach to equality beyond the Fourteenth Amendment, nor does it provide detailed information on recent developments in either country. Therefore, the answer is based on"
GS2_2020_HistoricalUnderpinnings_6,GS-II 2020 Q6,"Indian constitution exhibits centralizing tendencies to maintain unity and integrity of the nation. Elucidate in the perspective of the Epidemic Diseases Act, 1897; The Disaster Management Act, 2005 and recently passed Farm Acts.","Introduction

The Indian Constitution, while promoting federalism, also exhibits centralizing tendencies to ensure the unity and integrity of the nation. This is evident through various legislative measures such as the Epidemic Diseases Act, 1897, the Disaster Management Act, 2005, and the recently passed Farm Acts.

Body

• Point 1: Epidemic Diseases Act, 1897

The Epidemic Diseases Act, 1897, grants extensive powers to the Central Government during public health emergencies. Section 2 of the Act empowers the Central Government to take necessary measures to prevent the spread of infectious diseases. This act underscores the central government's role in maintaining public health and ensuring national security, thereby reinforcing centralizing tendencies.

• Point 2: Disaster Management Act, 2005

The Disaster Management Act, 2005, establishes a comprehensive framework for disaster management at both the national and state levels. However, it mandates the establishment of a National Disaster Management Authority (NDMA) and State Disaster Management Authorities (SDMAs), with the NDMA being under the direct control of the Central Government. This hierarchical structure ensures uniformity and coordination in disaster management efforts across the country, reflecting centralizing tendencies.

• Point 3: Recently Passed Farm Acts

The recently passed Farm Acts, namely the Farmers' Produce Trade and Commerce (Promotion and Facilitation) Act, 2020, the Farmers' Empowerment and Protection (Price Limitation on Agricultural Commodities) Act, 2020, and the Farmers (Empowerment and Protection) Agreement on Price Assurance and Farm Services Act, 2020, aim to liberalize the agricultural sector. While these acts provide states with certain regulatory powers, they also require the central government's approval for their implementation. This dual approach ensures that the central government retains significant oversight and control over agricultural policies, thereby maintaining centralizing tendencies.

Way Forward"
GS2_2020_HistoricalUnderpinnings_7,GS-II 2020 Q7,Which steps are required for constitutionalization of a commission? Do you think imparting constitutionality to the National Commission for Women would ensure greater gender justice and empowerment in India? Give reasons.,"Introduction

The constitutionalization of a commission involves several steps aimed at enhancing its legal status, independence, and effectiveness. For the National Commission for Women (NCW), constitutionalization could significantly bolster its role in promoting gender justice and empowerment. This answer will outline the necessary steps for constitutionalization and assess whether such a move would enhance the NCW's impact.

Body

Point 1: Legal Framework
To constitutionalize a commission, it is essential to amend the Constitution to include specific provisions. This would entail introducing a new Article or modifying existing ones to establish the commission as a constitutional body. The Constitution would then provide a clear mandate, powers, and responsibilities for the commission.

Point 2: Independent Appointments
Constitutional commissions should have independent appointment processes. This can be achieved by establishing a committee or a mechanism to select members based on merit and expertise, rather than political considerations. The President, through a warrant under his hand and seal, would appoint the chairperson, vice-chairperson, and other members.

Point 3: Enhanced Powers and Resources
Constitutional commissions typically possess broader powers and resources compared to statutory bodies. These include investigative powers, the ability to summon witnesses, and the authority to recommend policy changes. Additionally, constitutional commissions often receive more substantial funding and administrative support to carry out their mandates effectively.

Point 4: Accountability Mechanisms
To ensure accountability, constitutional commissions must have mechanisms for oversight and review. This can be achieved through regular reporting requirements, public hearings, and the ability to appear before legislative committees. The President would also be responsible for laying the commission's reports before both Houses of Parliament.

Point 5: Impact on NCW
Imparting constitutionality to the NCW would likely enhance its effectiveness in promoting gender justice and empowerment. As a constitutional body, the NCW would gain greater legitimacy and authority, enabling it to play a more proactive role in addressing gender-related issues. The commission would also benefit from increased resources and a clearer mandate, allowing"
GS2_2020_HistoricalUnderpinnings_8,GS-II 2020 Q8,The judicial systems in India and UK seem to be converging as well as diverging in the recent times. Highlight the key points of convergence and divergence between the two nations in terms of their judicial practices.,"Introduction

The judicial systems of India and the United Kingdom (UK) have shown both convergence and divergence in recent times. This essay highlights the key points of convergence and divergence in terms of their judicial practices.

Body

• Point 1: Convergence in the Role of Supreme Courts

In both countries, the Supreme Court plays a pivotal role in interpreting the constitution and providing final adjudication. The Indian Constitution (Article 141) mandates that the law declared by the Supreme Court is binding on all courts within the territory of India, similar to the UK's Supreme Court which also has the authority to interpret and apply the law.

• Point 2: Divergence in the Structure of Judicial Hierarchies

India has a hierarchical structure of courts, starting from the district courts, up to the High Courts, and finally the Supreme Court. In contrast, the UK has a more decentralized system with a range of specialized courts such as the Family Division, Chancery Division, and Crown Court, each handling specific types of cases. This difference reflects the distinct legal traditions and historical contexts of the two countries.

• Point 3: Convergence in the Principle of Judicial Independence

Both India and the UK uphold the principle of judicial independence, ensuring that judges are free from external influences. The Indian Constitution (Article 124) guarantees the independence of the judiciary, while the UK's judiciary operates under the doctrine of judicial independence, which is enshrined in common law.

• Point 4: Divergence in the Appointment Process of Judges

In India, the appointment of judges to the higher judiciary is governed by the recommendations of the National Judicial Appointments Commission (NJAC), although this has been challenged in the Supreme Court. In the UK, the Lord Chancellor, in consultation with the Lord Chief Justice, appoints judges, reflecting the country's parliamentary system and tradition of judicial appointments.

• Point 5: Convergence in the Role of Tribunals

Both countries have established"
GS2_2019_HistoricalUnderpinnings_9,GS-II 2019 Q9,"""Parliament's power to amend the Constitution is a limited power and it cannot be enlarged into absolute power."" In the light of this statement explain whether Parliament under Article 368 of the Constitution can destroy the Basic Structure of the Constitution by expanding its amending power?","Introduction

The statement ""Parliament's power to amend the Constitution is a limited power and it cannot be enlarged into absolute power"" underscores the fundamental principle that while Parliament possesses significant amending powers, these powers are not unlimited. This principle is central to understanding whether Parliament can use Article 368 to destroy the Basic Structure of the Constitution.

Body

Point 1: Constitutional Framework

Article 368 of the Constitution grants Parliament extensive powers to amend the Constitution. However, the scope of these powers is not absolute. The provision explicitly states that Parliament can amend any provision of the Constitution, subject to certain procedural requirements. Importantly, Article 368 does not provide Parliament with the authority to alter the Basic Structure of the Constitution, which includes fundamental features such as the republican form of government, the secular character of the state, and the federal structure.

Point 2: Basic Structure Doctrine

The Basic Structure Doctrine, established through judicial interpretations, particularly in the landmark case of Kesavananda Bharati v. State of Kerala, holds that Parliament cannot amend the Constitution in a manner that would destroy or impair the basic structure. This doctrine is a judicial safeguard against arbitrary or excessive use of amending powers. While Article 368 confers broad powers, it is constrained by the Basic Structure Doctrine, which acts as a constitutional limit on Parliament's amending powers.

Point 3: Procedural Safeguards

The procedural safeguards embedded in Article 368 further reinforce the limitations on Parliament's amending powers. For instance, amendments affecting certain specific provisions (such as those related to the President, Prime Minister, and federal structure) require ratification by at least half of the State legislatures. These procedural hurdles ensure that any proposed amendment is subject to rigorous scrutiny and consensus-building, thereby preventing hasty or unilateral changes that could undermine the Basic Structure.

Way Forward

To ensure that Parliament's amending powers are exercised within constitutional bounds, it is essential to uphold the"
GS2_2019_HistoricalUnderpinnings_10,GS-II 2019 Q10,What can France learn from the Indian Constitution's approach to secularism?,"Introduction

The Indian Constitution's approach to secularism provides a unique framework that can offer valuable lessons to France. Secularism in India is enshrined in the Constitution and has been a cornerstone of the nation's identity since its inception. This approach ensures the protection of religious minorities while promoting social harmony and equality.

Body

• Point 1: Constitutional Provisions
The Indian Constitution explicitly mentions secularism in the Directive Principles of State Policy (Article 44), which calls for the establishment of a uniform civil code throughout the territory of India. This provision highlights the commitment to secular principles and the importance of treating all religions equally under the law.

• Point 2: Protection of Minorities
India's Constitution guarantees fundamental rights to all citizens, including those based on religion. Article 25 ensures freedom of conscience and free profession, practice, and propagation of religion. Additionally, Article 26 provides minorities with the right to establish and administer educational institutions of their choice. These provisions ensure that religious minorities are protected and their rights are upheld.

• Point 3: Social Harmony and Equality
Secularism in India is not just about protecting religious freedom but also about fostering social harmony and equality. The Constitution promotes the idea of a common brotherhood transcending religious, linguistic, and regional differences (Fundamental Duties, Article 51A(e)). This approach helps in building a cohesive society where individuals from different backgrounds can coexist peacefully.

Way Forward

France can adopt certain aspects of India's secular approach to enhance its own policies. For instance, ensuring equal treatment of all religions under the law, protecting minority rights, and promoting social harmony could help in addressing some of the challenges faced by French society, such as integration issues and religious tensions.

Conclusion

In conclusion, France can learn from India's constitutional approach to secularism by emphasizing equal treatment of all religions, protecting minority rights, and fostering social harmony. These principles can contribute to a more inclusive and cohesive society, similar to the"
